gene_symbol,chromosome
tRNA-Ala-AGC-3-1,chr6
tRNA-Ala-AGC-5-1,chr6
tRNA-Ala-AGC-7-1,chr6
tRNA-Ala-AGC-2-1,chr6
tRNA-Ala-AGC-2-2,chr6
tRNA-Ala-AGC-4-1,chr6
tRNA-Ala-AGC-6-1,chr6
tRNA-Ala-AGC-12-1,chr6
tRNA-Ala-AGC-12-2,chr6
tRNA-Ala-AGC-12-3,chr6
tRNA-Ala-AGC-14-1,chr6
tRNA-Ala-AGC-14-2,chr6
tRNA-Ala-AGC-8-1,chr2
tRNA-Ala-AGC-11-1,chr6
tRNA-Ala-AGC-13-1,chr6
tRNA-Ala-AGC-13-3,chr6
tRNA-Ala-AGC-13-2,chr6
tRNA-Ala-AGC-8-2,chr8
tRNA-Ala-AGC-9-1,chr6
tRNA-Ala-AGC-9-2,chr6
tRNA-Ala-AGC-15-1,chr14
tRNA-Ala-AGC-10-1,chr6
tRNA-Ala-AGC-10-2,chr6
tRNA-Ala-AGC-24-1,chr6
tRNA-Ala-AGC-16-1,chr6
tRNA-Ala-CGC-1-1,chr6
tRNA-Ala-CGC-2-1,chr6
tRNA-Ala-CGC-3-1,chr2
tRNA-Ala-CGC-4-1,chr6
tRNA-Ala-TGC-2-1,chr6
tRNA-Ala-TGC-1-1,chr6
tRNA-Ala-TGC-3-2,chr12
tRNA-Ala-TGC-3-1,chr5
tRNA-Ala-TGC-5-1,chr6
tRNA-Ala-TGC-4-1,chr12
tRNA-Ala-TGC-6-1,chr6
tRNA-Ala-TGC-7-1,chr6
tRNA-Arg-ACG-1-3,chr14
tRNA-Arg-ACG-1-1,chr6
tRNA-Arg-ACG-1-2,chr6
tRNA-Arg-ACG-2-1,chr3
tRNA-Arg-ACG-2-2,chr6
tRNA-Arg-ACG-2-3,chr6
tRNA-Arg-ACG-2-4,chr6
tRNA-Arg-CCG-1-3,chr16
tRNA-Arg-CCG-1-1,chr6
tRNA-Arg-CCG-1-2,chr6
tRNA-Arg-CCG-2-1,chr17
tRNA-Arg-CCT-2-1,chr17
tRNA-Arg-CCT-1-1,chr17
tRNA-Arg-CCT-3-1,chr16
tRNA-Arg-CCT-4-1,chr7
tRNA-Arg-CCT-5-1,chr16
tRNA-Arg-TCG-1-1,chr15
tRNA-Arg-TCG-3-1,chr17
tRNA-Arg-TCG-2-1,chr6
tRNA-Arg-TCG-5-1,chr6
tRNA-Arg-TCG-4-1,chr6
tRNA-Arg-TCG-6-1,chr9
tRNA-Arg-TCT-3-2,chr11
tRNA-Arg-TCT-3-1,chr9
tRNA-Arg-TCT-1-1,chr1
tRNA-Arg-TCT-2-1,chr17
tRNA-Arg-TCT-5-1,chr6
tRNA-Arg-TCT-4-1,chr1
tRNA-Asn-GTT-2-3,chr10
tRNA-Asn-GTT-2-4,chr13
tRNA-Asn-GTT-2-5,chr17
tRNA-Asn-GTT-2-6,chr19
tRNA-Asn-GTT-2-8,chr1
tRNA-Asn-GTT-2-7,chr1
tRNA-Asn-GTT-2-1,chr1
tRNA-Asn-GTT-2-2,chr1
tRNA-Asn-GTT-4-1,chr1
tRNA-Asn-GTT-5-1,chr1
tRNA-Asn-GTT-3-1,chr1
tRNA-Asn-GTT-1-1,chr1
tRNA-Asn-GTT-9-1,chr1
tRNA-Asn-GTT-6-1,chr1
tRNA-Asn-GTT-7-1,chr1
tRNA-Asn-GTT-9-2,chr1
tRNA-Asn-GTT-26-1,chr1
tRNA-Asn-GTT-24-1,chr1
tRNA-Asn-GTT-25-1,chr1
tRNA-Asn-GTT-8-1,chr1
tRNA-Asn-GTT-11-1,chr1
tRNA-Asn-GTT-11-2,chr1
tRNA-Asn-GTT-10-1,chr1
tRNA-Asn-GTT-12-1,chr1
tRNA-Asn-GTT-27-1,chr1
tRNA-Asp-GTC-1-1,chr12
tRNA-Asp-GTC-2-9,chr12
tRNA-Asp-GTC-2-10,chr12
tRNA-Asp-GTC-2-8,chr12
tRNA-Asp-GTC-2-11,chr17
tRNA-Asp-GTC-2-1,chr1
tRNA-Asp-GTC-2-2,chr1
tRNA-Asp-GTC-2-3,chr1
tRNA-Asp-GTC-2-4,chr1
tRNA-Asp-GTC-2-5,chr1
tRNA-Asp-GTC-2-6,chr6
tRNA-Asp-GTC-2-7,chr6
tRNA-Asp-GTC-3-1,chr6
tRNA-Cys-GCA-2-2,chr17
tRNA-Cys-GCA-2-3,chr17
tRNA-Cys-GCA-2-4,chr17
tRNA-Cys-GCA-2-1,chr4
tRNA-Cys-GCA-4-1,chr17
tRNA-Cys-GCA-8-1,chr14
tRNA-Cys-GCA-9-1,chr3
tRNA-Cys-GCA-9-2,chr7
tRNA-Cys-GCA-9-3,chr7
tRNA-Cys-GCA-9-4,chr7
tRNA-Cys-GCA-1-1,chr7
tRNA-Cys-GCA-6-1,chr3
tRNA-Cys-GCA-13-1,chr7
tRNA-Cys-GCA-5-1,chr15
tRNA-Cys-GCA-10-1,chr7
tRNA-Cys-GCA-14-1,chr17
tRNA-Cys-GCA-3-1,chr7
tRNA-Cys-GCA-11-1,chr7
tRNA-Cys-GCA-7-1,chr1
tRNA-Cys-GCA-15-1,chr7
tRNA-Cys-GCA-19-1,chr7
tRNA-Cys-GCA-18-1,chr7
tRNA-Cys-GCA-17-1,chr7
tRNA-Cys-GCA-20-1,chr7
tRNA-Cys-GCA-12-1,chr7
tRNA-Cys-GCA-16-1,chr7
tRNA-Cys-GCA-21-1,chr7
tRNA-Cys-GCA-22-1,chr7
tRNA-Cys-GCA-23-1,chr7
tRNA-Gln-CTG-1-4,chr15
tRNA-Gln-CTG-1-5,chr17
tRNA-Gln-CTG-1-1,chr6
tRNA-Gln-CTG-1-2,chr6
tRNA-Gln-CTG-1-3,chr6
tRNA-Gln-CTG-2-1,chr6
tRNA-Gln-CTG-5-1,chr6
tRNA-Gln-CTG-3-1,chr1
tRNA-Gln-CTG-3-2,chr1
tRNA-Gln-CTG-4-2,chr1
tRNA-Gln-CTG-4-1,chr1
tRNA-Gln-CTG-6-1,chr6
tRNA-Gln-CTG-7-1,chr1
tRNA-Gln-TTG-2-1,chr6
tRNA-Gln-TTG-1-1,chr17
tRNA-Gln-TTG-3-1,chr6
tRNA-Gln-TTG-3-2,chr6
tRNA-Gln-TTG-3-3,chr6
tRNA-Gln-TTG-4-1,chr6
tRNA-Glu-CTC-1-1,chr1
tRNA-Glu-CTC-1-2,chr1
tRNA-Glu-CTC-1-3,chr1
tRNA-Glu-CTC-1-4,chr1
tRNA-Glu-CTC-1-5,chr1
tRNA-Glu-CTC-1-7,chr6
tRNA-Glu-CTC-1-6,chr6
tRNA-Glu-CTC-2-1,chr1
tRNA-Glu-TTC-3-1,chr1
tRNA-Glu-TTC-4-2,chr1
tRNA-Glu-TTC-4-1,chr1
tRNA-Glu-TTC-14-1,chr1
tRNA-Glu-TTC-1-2,chr13
tRNA-Glu-TTC-1-1,chr2
tRNA-Glu-TTC-2-1,chr13
tRNA-Glu-TTC-2-2,chr15
tRNA-Gly-CCC-1-1,chr1
tRNA-Gly-CCC-1-2,chr1
tRNA-Gly-CCC-3-1,chr17
tRNA-Gly-CCC-2-2,chr16
tRNA-Gly-CCC-2-1,chr2
tRNA-Gly-GCC-2-4,chr16
tRNA-Gly-GCC-2-5,chr16
tRNA-Gly-GCC-2-6,chr17
tRNA-Gly-GCC-2-1,chr1
tRNA-Gly-GCC-2-2,chr2
tRNA-Gly-GCC-2-3,chr6
tRNA-Gly-GCC-1-1,chr1
tRNA-Gly-GCC-1-2,chr1
tRNA-Gly-GCC-1-3,chr1
tRNA-Gly-GCC-1-4,chr1
tRNA-Gly-GCC-1-5,chr21
tRNA-Gly-GCC-3-1,chr16
tRNA-Gly-GCC-4-1,chr1
tRNA-Gly-GCC-5-1,chr16
tRNA-Gly-TCC-3-1,chr17
tRNA-Gly-TCC-1-1,chr19
tRNA-Gly-TCC-2-1,chr1
tRNA-Gly-TCC-2-2,chr1
tRNA-Gly-TCC-2-3,chr1
tRNA-Gly-TCC-2-4,chr1
tRNA-Gly-TCC-2-5,chr1
tRNA-Gly-TCC-2-6,chr1
tRNA-Gly-TCC-4-1,chr1
tRNA-His-GTG-1-7,chr15
tRNA-His-GTG-1-8,chr15
tRNA-His-GTG-1-9,chr15
tRNA-His-GTG-1-1,chr1
tRNA-His-GTG-1-2,chr1
tRNA-His-GTG-1-3,chr1
tRNA-His-GTG-1-4,chr1
tRNA-His-GTG-1-5,chr6
tRNA-His-GTG-1-6,chr9
tRNA-Ile-AAT-2-1,chr6
tRNA-Ile-AAT-5-4,chr14
tRNA-Ile-AAT-5-5,chr17
tRNA-Ile-AAT-5-1,chr6
tRNA-Ile-AAT-5-2,chr6
tRNA-Ile-AAT-5-3,chr6
tRNA-Ile-AAT-4-1,chr17
tRNA-Ile-AAT-7-1,chr6
tRNA-Ile-AAT-7-2,chr6
tRNA-Ile-AAT-3-1,chr6
tRNA-Ile-AAT-1-1,chr6
tRNA-Ile-AAT-6-1,chr6
tRNA-Ile-AAT-8-1,chr6
tRNA-Ile-AAT-9-1,chr6
tRNA-Ile-AAT-12-1,chr6
tRNA-Ile-GAT-1-1,chrX
tRNA-Ile-GAT-1-2,chrX
tRNA-Ile-GAT-1-3,chrX
tRNA-Ile-TAT-1-1,chr19
tRNA-Ile-TAT-2-1,chr2
tRNA-Ile-TAT-2-2,chr6
tRNA-Ile-TAT-2-3,chr6
tRNA-Ile-TAT-3-1,chr6
tRNA-iMet-CAT-1-8,chr17
tRNA-iMet-CAT-1-1,chr1
tRNA-iMet-CAT-1-2,chr6
tRNA-iMet-CAT-1-3,chr6
tRNA-iMet-CAT-1-4,chr6
tRNA-iMet-CAT-1-5,chr6
tRNA-iMet-CAT-1-6,chr6
tRNA-iMet-CAT-1-7,chr6
tRNA-iMet-CAT-2-1,chr6
tRNA-Leu-AAG-1-1,chr5
tRNA-Leu-AAG-1-2,chr5
tRNA-Leu-AAG-1-3,chr5
tRNA-Leu-AAG-2-3,chr14
tRNA-Leu-AAG-2-4,chr16
tRNA-Leu-AAG-2-1,chr5
tRNA-Leu-AAG-2-2,chr6
tRNA-Leu-AAG-3-1,chr6
tRNA-Leu-AAG-4-1,chr6
tRNA-Leu-CAA-2-1,chr6
tRNA-Leu-CAA-3-1,chr6
tRNA-Leu-CAA-4-1,chr1
tRNA-Leu-CAA-1-1,chr6
tRNA-Leu-CAA-1-2,chr6
tRNA-Leu-CAA-6-1,chr1
tRNA-Leu-CAG-1-1,chr1
tRNA-Leu-CAG-1-2,chr1
tRNA-Leu-CAG-1-3,chr1
tRNA-Leu-CAG-1-4,chr1
tRNA-Leu-CAG-1-5,chr1
tRNA-Leu-CAG-1-6,chr1
tRNA-Leu-CAG-1-7,chr6
tRNA-Leu-CAG-2-1,chr16
tRNA-Leu-CAG-2-2,chr16
tRNA-Leu-TAA-1-1,chr6
tRNA-Leu-TAA-3-1,chr11
tRNA-Leu-TAA-2-1,chr6
tRNA-Leu-TAA-4-1,chr6
tRNA-Leu-TAG-1-1,chr17
tRNA-Leu-TAG-3-1,chr16
tRNA-Leu-TAG-2-1,chr14
tRNA-Lys-CTT-2-5,chr16
tRNA-Lys-CTT-2-1,chr1
tRNA-Lys-CTT-2-2,chr5
tRNA-Lys-CTT-2-3,chr5
tRNA-Lys-CTT-2-4,chr6
tRNA-Lys-CTT-1-1,chr14
tRNA-Lys-CTT-1-2,chr15
tRNA-Lys-CTT-4-1,chr16
tRNA-Lys-CTT-3-1,chr16
tRNA-Lys-CTT-5-1,chr16
tRNA-Lys-CTT-7-1,chr1
tRNA-Lys-CTT-11-1,chr19
tRNA-Lys-CTT-8-1,chr16
tRNA-Lys-CTT-10-1,chr19
tRNA-Lys-CTT-9-1,chr5
tRNA-Lys-TTT-3-4,chr11
tRNA-Lys-TTT-3-5,chr17
tRNA-Lys-TTT-3-1,chr1
tRNA-Lys-TTT-3-2,chr1
tRNA-Lys-TTT-3-3,chr6
tRNA-Lys-TTT-4-1,chr6
tRNA-Lys-TTT-2-1,chr11
tRNA-Lys-TTT-1-1,chr16
tRNA-Lys-TTT-6-1,chr6
tRNA-Lys-TTT-5-1,chr11
tRNA-Lys-TTT-7-1,chr6
tRNA-Lys-TTT-11-1,chr12
tRNA-Met-CAT-6-1,chr16
tRNA-Met-CAT-1-1,chr8
tRNA-Met-CAT-3-1,chr6
tRNA-Met-CAT-3-2,chr6
tRNA-Met-CAT-2-1,chr16
tRNA-Met-CAT-5-1,chr6
tRNA-Met-CAT-5-2,chr6
tRNA-Met-CAT-4-1,chr6
tRNA-Met-CAT-4-2,chr6
tRNA-Met-CAT-4-3,chr6
tRNA-Met-CAT-7-1,chr6
tRNA-Phe-GAA-1-3,chr11
tRNA-Phe-GAA-1-4,chr12
tRNA-Phe-GAA-1-5,chr13
tRNA-Phe-GAA-1-6,chr19
tRNA-Phe-GAA-1-1,chr6
tRNA-Phe-GAA-1-2,chr6
tRNA-Phe-GAA-2-1,chr11
tRNA-Phe-GAA-3-1,chr6
tRNA-Phe-GAA-4-1,chr6
tRNA-Phe-GAA-6-1,chr6
tRNA-Pro-AGG-2-4,chr11
tRNA-Pro-AGG-2-5,chr14
tRNA-Pro-AGG-2-6,chr14
tRNA-Pro-AGG-2-7,chr16
tRNA-Pro-AGG-2-8,chr16
tRNA-Pro-AGG-2-1,chr1
tRNA-Pro-AGG-2-2,chr6
tRNA-Pro-AGG-2-3,chr7
tRNA-Pro-AGG-1-1,chr16
tRNA-Pro-CGG-1-2,chr16
tRNA-Pro-CGG-1-3,chr17
tRNA-Pro-CGG-1-1,chr1
tRNA-Pro-CGG-2-1,chr6
tRNA-Pro-TGG-1-1,chr14
tRNA-Pro-TGG-3-2,chr14
tRNA-Pro-TGG-3-3,chr16
tRNA-Pro-TGG-3-4,chr16
tRNA-Pro-TGG-3-5,chr16
tRNA-Pro-TGG-3-1,chr5
tRNA-Pro-TGG-2-1,chr11
tRNA-SeC-TCA-1-1,chr19
tRNA-Ser-AGA-1-1,chr6
tRNA-Ser-AGA-2-6,chr17
tRNA-Ser-AGA-2-1,chr6
tRNA-Ser-AGA-2-2,chr6
tRNA-Ser-AGA-2-3,chr6
tRNA-Ser-AGA-2-4,chr6
tRNA-Ser-AGA-2-5,chr8
tRNA-Ser-AGA-3-1,chr6
tRNA-Ser-AGA-4-1,chr6
tRNA-Ser-CGA-1-1,chr17
tRNA-Ser-CGA-2-1,chr6
tRNA-Ser-CGA-4-1,chr12
tRNA-Ser-CGA-3-1,chr6
tRNA-Ser-GCT-1-1,chr6
tRNA-Ser-GCT-3-1,chr11
tRNA-Ser-GCT-4-2,chr15
tRNA-Ser-GCT-4-3,chr17
tRNA-Ser-GCT-4-1,chr6
tRNA-Ser-GCT-2-1,chr6
tRNA-Ser-GCT-5-1,chr6
tRNA-Ser-GCT-6-1,chr6
tRNA-Ser-TGA-2-1,chr6
tRNA-Ser-TGA-3-1,chr6
tRNA-Ser-TGA-4-1,chr6
tRNA-Ser-TGA-1-1,chr10
tRNA-Thr-AGT-1-1,chr17
tRNA-Thr-AGT-1-2,chr17
tRNA-Thr-AGT-1-3,chr19
tRNA-Thr-AGT-3-1,chr6
tRNA-Thr-AGT-2-1,chr6
tRNA-Thr-AGT-2-2,chr6
tRNA-Thr-AGT-5-1,chr17
tRNA-Thr-AGT-4-1,chr6
tRNA-Thr-AGT-6-1,chr6
tRNA-Thr-CGT-3-1,chr6
tRNA-Thr-CGT-1-1,chr6
tRNA-Thr-CGT-2-1,chr16
tRNA-Thr-CGT-4-1,chr17
tRNA-Thr-CGT-5-1,chr6
tRNA-Thr-TGT-1-1,chr6
tRNA-Thr-TGT-2-1,chr1
tRNA-Thr-TGT-3-1,chr14
tRNA-Thr-TGT-4-1,chr14
tRNA-Thr-TGT-5-1,chr14
tRNA-Thr-TGT-6-1,chr5
tRNA-Trp-CCA-3-3,chr17
tRNA-Trp-CCA-3-1,chr6
tRNA-Trp-CCA-3-2,chr6
tRNA-Trp-CCA-2-1,chr17
tRNA-Trp-CCA-1-1,chr17
tRNA-Trp-CCA-5-1,chr7
tRNA-Trp-CCA-4-1,chr12
tRNA-Tyr-GTA-1-1,chr6
tRNA-Tyr-GTA-2-1,chr2
tRNA-Tyr-GTA-3-1,chr6
tRNA-Tyr-GTA-5-3,chr14
tRNA-Tyr-GTA-5-4,chr14
tRNA-Tyr-GTA-5-5,chr14
tRNA-Tyr-GTA-5-1,chr8
tRNA-Tyr-GTA-5-2,chr8
tRNA-Tyr-GTA-7-1,chr14
tRNA-Tyr-GTA-6-1,chr6
tRNA-Tyr-GTA-4-1,chr14
tRNA-Tyr-GTA-8-1,chr6
tRNA-Tyr-GTA-9-1,chr8
tRNA-Val-AAC-1-1,chr3
tRNA-Val-AAC-1-2,chr5
tRNA-Val-AAC-1-3,chr5
tRNA-Val-AAC-1-4,chr5
tRNA-Val-AAC-1-5,chr6
tRNA-Val-AAC-2-1,chr5
tRNA-Val-AAC-5-1,chr6
tRNA-Val-AAC-4-1,chr6
tRNA-Val-AAC-3-1,chr6
tRNA-Val-CAC-5-1,chr1
tRNA-Val-CAC-1-7,chr1
tRNA-Val-CAC-1-1,chr1
tRNA-Val-CAC-1-2,chr5
tRNA-Val-CAC-1-3,chr5
tRNA-Val-CAC-1-4,chr5
tRNA-Val-CAC-1-5,chr5
tRNA-Val-CAC-1-6,chr6
tRNA-Val-CAC-2-1,chr6
tRNA-Val-CAC-3-1,chr19
tRNA-Val-CAC-4-1,chr1
tRNA-Val-CAC-6-1,chr6
tRNA-Val-CAC-14-1,chr1
tRNA-Val-TAC-1-1,chr11
tRNA-Val-TAC-1-2,chrX
tRNA-Val-TAC-2-1,chr11
tRNA-Val-TAC-3-1,chr10
tRNA-Val-TAC-4-1,chr6